site_name,product_name,address,city,zip,latitude,longitude,state_province,order_volume,product_unit,Warehouse,Distance (km)
954 Lovell,No Lead Plus,167 E 3Rd St,Lovell,82431,44.8393,-108.39,Wyoming,4.589,US gallon,#LAS2,1434.077
979 Gillette,MEDIUM FTN,2005 S Douglas Hwy,Gillette,82718,44.2762,-105.493,Wyoming,2,pack,#LAS2,1492.333
979 Gillette,No Lead Plus,2005 S Douglas Hwy,Gillette,82718,44.2762,-105.493,Wyoming,23.6,US gallon,#LAS2,1492.333
961 Burlington,MEDIUM FTN,211 S Main St,Burlington,82411,44.4447,-108.431,Wyoming,1,pack,#LAS2,1368.162
961 Burlington,No Lead Plus,211 S Main St,Burlington,82411,44.4447,-108.431,Wyoming,13.771,US gallon,#LAS2,1368.162
966 Cowley,MEDIUM FTN,71 E Main St,Cowley,82420,44.8837,-108.468,Wyoming,1,pack,#LAS2,1435.378
966 Cowley,KOOLEE,71 E Main St,Cowley,82420,44.8837,-108.468,Wyoming,1,pack,#LAS2,1435.378
1097 Enterprise,MEDIUM FTN,600 Boll Weevil Circle,Enterprise,52555,40.648,-92.8406,Iowa,1,pack,#XUSE,709.279
1097 Enterprise,G87E10S,600 Boll Weevil Circle,Enterprise,52555,40.648,-92.8406,Iowa,55.908,US gallon,#XUSE,709.279
120 Clanton,MEDIUM FTN,1415 7Th Street South,Clanton,52146,43.2007,-91.1525,Iowa,1,pack,#XUSE,679.253
120 Clanton,G87E10S,1415 7Th Street South,Clanton,52146,43.2007,-91.1525,Iowa,5.935,US gallon,#XUSE,679.253
135 Fort Payne,G87E10S,2001 Glenn Bldv Sw,Fort Payne,50042,41.5445,-94.9231,Iowa,7.521,US gallon,#XUSE,867.237
143 Haleyville,KOOLEE,42417 Hwy 195,Haleyville,72055,34.1177,-91.3771,Arkansas,1,pack,#XUSE,978.739
143 Haleyville,No Lead Plus,42417 Hwy 195,Haleyville,72055,34.1177,-91.3771,Arkansas,2.96,US gallon,#XUSE,978.739
143 Haleyville,G87E10S,42417 Hwy 195,Haleyville,72055,34.1177,-91.3771,Arkansas,53.522,US gallon,#XUSE,978.739
367 Arthur,MEDIUM FTN,309 Fir St,Arthur,69121,41.5711,-101.691,Nebraska,1,pack,#LAS2,1589.877
367 Arthur,MEDIUM FTN,309 Fir St,Arthur,69121,41.5711,-101.691,Nebraska,1,pack,#XUSE,1521.467
367 Arthur,SLC PZ PEPPRNI 13IN FCS,309 Fir St,Arthur,69121,41.5711,-101.691,Nebraska,1,pack,#LAS2,1589.877
367 Arthur,SLC PZ PEPPRNI 13IN FCS,309 Fir St,Arthur,69121,41.5711,-101.691,Nebraska,1,pack,#XUSE,1521.467
367 Arthur,G87E10S,309 Fir St,Arthur,69121,41.5711,-101.691,Nebraska,6.208,US gallon,#LAS2,1589.877
367 Arthur,G87E10S,309 Fir St,Arthur,69121,41.5711,-101.691,Nebraska,6.208,US gallon,#XUSE,1521.467
367 Arthur,No Lead Plus,309 Fir St,Arthur,69121,41.5711,-101.691,Nebraska,22.37,US gallon,#LAS2,1589.877
367 Arthur,No Lead Plus,309 Fir St,Arthur,69121,41.5711,-101.691,Nebraska,22.37,US gallon,#XUSE,1521.467
368 Harrisburg,MEDIUM FTN,306 State St,Harrisburg,69345,41.5565,-103.741,Nebraska,1,pack,#LAS2,1480.849
368 Harrisburg,FIREBALL WHSKY 50ML,306 State St,Harrisburg,69345,41.5565,-103.741,Nebraska,2,pack,#LAS2,1480.849
368 Harrisburg,G87E10S,306 State St,Harrisburg,69345,41.5565,-103.741,Nebraska,43.202,US gallon,#LAS2,1480.849
368 Harrisburg,No Lead Plus,306 State St,Harrisburg,69345,41.5565,-103.741,Nebraska,13.98,US gallon,#LAS2,1480.849
409 Cave Springs,G87E10S,115 E Midway St,Cave Springs,72718,36.2636,-94.2313,Arkansas,49.44,US gallon,#XUSE,961.941
409 Cave Springs,SLC PZ PEPPRNI 13IN FCS,115 E Midway St,Cave Springs,72718,36.2636,-94.2313,Arkansas,3,pack,#XUSE,961.941
409 Cave Springs,No Lead Plus,115 E Midway St,Cave Springs,72718,36.2636,-94.2313,Arkansas,3.573,US gallon,#XUSE,961.941
320 Northglenn,SLC PZ PEPPRNI 13IN FCS,850 W 112Th Ave,Northglenn,80234,39.8994,-104.998,Colorado,1,pack,#LAS2,1209.745
1443 Huntsville,MEDIUM FTN,6140A Univ Drive,Huntsville,52345,42.2241,-91.875,Iowa,1,pack,#XUSE,644.489
1443 Huntsville,G87E10S,6140A Univ Drive,Huntsville,52345,42.2241,-91.875,Iowa,14.08,US gallon,#XUSE,644.489
146 Bella Vista,KOOLEE,1750 Forest Hills Blvd,Bella Vista,72715,36.4649,-94.302,Arkansas,1,pack,#XUSE,931.749
146 Bella Vista,MEDIUM FTN,1750 Forest Hills Blvd,Bella Vista,72715,36.4649,-94.302,Arkansas,1,pack,#XUSE,931.749
146 Bella Vista,HOT DOG FCS,1750 Forest Hills Blvd,Bella Vista,72715,36.4649,-94.302,Arkansas,2,pack,#XUSE,931.749
146 Bella Vista,G87E10S,1750 Forest Hills Blvd,Bella Vista,72715,36.4649,-94.302,Arkansas,10.192,US gallon,#XUSE,931.749
387 Big Flat,MEDIUM FTN,100 Community Dr,Big Flat,72617,36.0018,-92.4051,Arkansas,1,pack,#XUSE,895.502
387 Big Flat,G87E10S,100 Community Dr,Big Flat,72617,36.0018,-92.4051,Arkansas,17.124,US gallon,#XUSE,895.502
433 Bay Minette,KOOLEE,701 Mcmeans Ave,Bay Minette,63540,40.1474,-92.3793,Missouri,3,pack,#XUSE,647.795
433 Bay Minette,No Lead Plus,701 Mcmeans Ave,Bay Minette,63540,40.1474,-92.3793,Missouri,35.487,US gallon,#XUSE,647.795
433 Bay Minette,G87E10S,701 Mcmeans Ave,Bay Minette,63540,40.1474,-92.3793,Missouri,41.138,US gallon,#XUSE,647.795
1475 Montgomery,G87E10S,851 Ann St,Montgomery,63382,39.3071,-91.486,Missouri,8.645,US gallon,#XUSE,536.485
152 Wilmot,SLC PZ PEPPRNI 13IN FCS,202 Mccombs St,Wilmot,71676,33.0593,-91.5728,Arkansas,5,pack,#XUSE,1083.546
152 Wilmot,KOOLEE,202 Mccombs St,Wilmot,71676,33.0593,-91.5728,Arkansas,3,pack,#XUSE,1083.546
152 Wilmot,G87E10S,202 Mccombs St,Wilmot,71676,33.0593,-91.5728,Arkansas,34.282,US gallon,#XUSE,1083.546
156 Semmes,SLC PZ PEPPRNI 13IN FCS,7855 Moffett Rd,Semmes,52318,41.9024,-91.9226,Iowa,1,pack,#XUSE,631.16
156 Semmes,G87E10S,7855 Moffett Rd,Semmes,52318,41.9024,-91.9226,Iowa,8.143,US gallon,#XUSE,631.16
406 Harrison,SLC PZ PEPPRNI 13IN FCS,215 W Industrial Park Rd,Harrison,72601,36.2509,-93.1298,Arkansas,2,pack,#XUSE,863.495
406 Harrison,No Lead Plus,215 W Industrial Park Rd,Harrison,72601,36.2509,-93.1298,Arkansas,35.193,US gallon,#XUSE,863.495
157 Sylacauga,MEDIUM FTN,41301 US Hwy 280,Sylacauga,50613,42.507,-92.4034,Iowa,1,pack,#XUSE,703.181
157 Sylacauga,HOT DOG FCS,41301 US Hwy 280,Sylacauga,50613,42.507,-92.4034,Iowa,2,pack,#XUSE,703.181
157 Sylacauga,G87E10S,41301 US Hwy 280,Sylacauga,50613,42.507,-92.4034,Iowa,9.578,US gallon,#XUSE,703.181
360 Roseland,SLC PZ PEPPRNI 13IN FCS,9230 S Lincoln Ave,Roseland,68973,40.4705,-98.5592,Nebraska,1,pack,#XUSE,1216.569
237 Rowley,MEDIUM FTN,111 Ely St,Rowley,52329,42.3701,-91.8436,Iowa,1,pack,#XUSE,663.871
237 Rowley,G87E10S,111 Ely St,Rowley,52329,42.3701,-91.8436,Iowa,84.866,US gallon,#XUSE,663.871
184 Talladega,MEDIUM FTN,214 Haynes Street,Talladega,50626,42.5659,-92.1603,Iowa,1,pack,#XUSE,695.811
184 Talladega,KOOLEE,214 Haynes Street,Talladega,50626,42.5659,-92.1603,Iowa,1,pack,#XUSE,695.811
251 Albert City,SLC PZ PEPPRNI 13IN FCS,114 Main St,Albert City,50510,42.7819,-94.9476,Iowa,1,pack,#XUSE,947.426
251 Albert City,No Lead Plus,114 Main St,Albert City,50510,42.7819,-94.9476,Iowa,15.006,US gallon,#XUSE,947.426
412 Gateway,MEDIUM FTN,17260 Highway 37 N,Gateway,72733,36.4909,-93.9312,Arkansas,2,pack,#XUSE,876.468
412 Gateway,SLC PZ PEPPRNI 13IN FCS,17260 Highway 37 N,Gateway,72733,36.4909,-93.9312,Arkansas,2,pack,#XUSE,876.468
412 Gateway,G87E10S,17260 Highway 37 N,Gateway,72733,36.4909,-93.9312,Arkansas,44.589,US gallon,#XUSE,876.468
158 Russellville,No Lead Plus,13675 Hwy 43,Russellville,71663,33.2376,-91.5121,Arkansas,4.446,US gallon,#XUSE,1063.231
158 Russellville,G87E10S,13675 Hwy 43,Russellville,71663,33.2376,-91.5121,Arkansas,23.204,US gallon,#XUSE,1063.231
292 Aredale,REESES 1.5OZ REG,117 E Main St,Aredale,50605,42.8351,-93.0034,Iowa,1,pack,#XUSE,785.356
292 Aredale,G87E10S,117 E Main St,Aredale,50605,42.8351,-93.0034,Iowa,23.131,US gallon,#XUSE,785.356
171 Scottsboro,G87E10S,24833 Johnt Reidprkw,Scottsboro,72634,36.2661,-92.5383,Arkansas,24.092,US gallon,#XUSE,889.808
171 Scottsboro,No Lead Plus,24833 Johnt Reidprkw,Scottsboro,72634,36.2661,-92.5383,Arkansas,17.582,US gallon,#XUSE,889.808
391 Hamilton,MEDIUM FTN,1706 Military Street South,Hamilton,72003,34.4062,-91.4074,Arkansas,1,pack,#XUSE,947.637
391 Hamilton,G87E10S,1706 Military Street South,Hamilton,72003,34.4062,-91.4074,Arkansas,22.9,US gallon,#XUSE,947.637
1837 Winfield,MEDIUM FTN,2575 Us Hwy 43,Winfield,73739,36.5326,-98.1534,Oklahoma,1,pack,#XUSE,1264.611
1837 Winfield,HOT DOG FCS,2575 Us Hwy 43,Winfield,73739,36.5326,-98.1534,Oklahoma,1,pack,#XUSE,1264.611
1837 Winfield,G87E10S,2575 Us Hwy 43,Winfield,73739,36.5326,-98.1534,Oklahoma,42.232,US gallon,#XUSE,1264.611
371 Cedar Rapids,MEDIUM FTN,214 W Main St,Cedar Rapids,68627,41.5602,-98.1452,Nebraska,1,pack,#XUSE,1153.786
371 Cedar Rapids,G87E10S,214 W Main St,Cedar Rapids,68627,41.5602,-98.1452,Nebraska,7.198,US gallon,#XUSE,1153.786
371 Cedar Rapids,No Lead Plus,214 W Main St,Cedar Rapids,68627,41.5602,-98.1452,Nebraska,32.882,US gallon,#XUSE,1153.786
382 Gentry,MEDIUM FTN,899 W Main St,Gentry,72734,36.2672,-94.4929,Arkansas,1,pack,#XUSE,957.646
382 Gentry,No Lead Plus,899 W Main St,Gentry,72734,36.2672,-94.4929,Arkansas,16.823,US gallon,#XUSE,957.646
423 Adamsville,MEDIUM FTN,2473 Hackworth Road,Adamsville,72026,34.5253,-91.3257,Arkansas,1,pack,#XUSE,919.507
423 Adamsville,G87E10S,2473 Hackworth Road,Adamsville,72026,34.5253,-91.3257,Arkansas,35.248,US gallon,#XUSE,919.507
423 Adamsville,No Lead Plus,2473 Hackworth Road,Adamsville,72026,34.5253,-91.3257,Arkansas,26.962,US gallon,#XUSE,919.507
1871 Vestavia Hills,G87E10S,1300 Montgomery Highway,Vestavia Hills,74960,35.8138,-94.6289,Oklahoma,12.616,US gallon,#XUSE,1034.208
200 Cedar Falls,MEDIUM FTN,221 W 6Th St,Cedar Falls,50613,42.5336,-92.4478,Iowa,1,pack,#XUSE,708.463
200 Cedar Falls,G87E10S,221 W 6Th St,Cedar Falls,50613,42.5336,-92.4478,Iowa,29.924,US gallon,#XUSE,708.463
200 Cedar Falls,No Lead Plus,221 W 6Th St,Cedar Falls,50613,42.5336,-92.4478,Iowa,37.512,US gallon,#XUSE,708.463
208 Dewar,G87E10S,5916 1St St,Dewar,50623,42.5253,-92.22,Iowa,2.44,US gallon,#XUSE,691.326
222 Pilot Mound,G87E10S,102 Pilot St,Pilot Mound,50223,42.162,-94.0176,Iowa,36.659,US gallon,#XUSE,817.823
381 Midway,KK AST FILL,323 Highway 178 W,Midway,72651,36.3862,-92.4672,Arkansas,1,pack,#XUSE,883.85
381 Midway,G87E10S,323 Highway 178 W,Midway,72651,36.3862,-92.4672,Arkansas,21.685,US gallon,#XUSE,883.85
226 Quasqueton,FIREBALL WHSKY 50ML,113 E Dubuque St,Quasqueton,52326,42.3946,-91.7603,Iowa,2,pack,#XUSE,660.462
226 Quasqueton,G87E10S,113 E Dubuque St,Quasqueton,52326,42.3946,-91.7603,Iowa,10.679,US gallon,#XUSE,660.462
227 Winthrop,HOT DOG FCS,253 W Madison St,Winthrop,50682,42.4732,-91.7338,Iowa,2,pack,#XUSE,649.642
227 Winthrop,KOOLEE,253 W Madison St,Winthrop,50682,42.4732,-91.7338,Iowa,1,pack,#XUSE,649.642
227 Winthrop,G87E10S,253 W Madison St,Winthrop,50682,42.4732,-91.7338,Iowa,22.567,US gallon,#XUSE,649.642
250 Ayr,MEDIUM FTN,4075 W Lincoln St,Ayr,68925,40.4372,-98.4387,Nebraska,1,pack,#XUSE,1210.072
250 Ayr,HOT DOG FCS,4075 W Lincoln St,Ayr,68925,40.4372,-98.4387,Nebraska,2,pack,#XUSE,1210.072
250 Ayr,G87E10S,4075 W Lincoln St,Ayr,68925,40.4372,-98.4387,Nebraska,45.657,US gallon,#XUSE,1210.072
373 Saint Edward,MEDIUM FTN,207 Beaver St,Saint Edward,68660,41.5701,-97.8663,Nebraska,1,pack,#XUSE,1128.351
388 Decatur,MEDIUM FTN,750 E Roller Ave,Decatur,72722,36.3362,-94.4536,Arkansas,1,pack,#XUSE,948.303
388 Decatur,No Lead Plus,750 E Roller Ave,Decatur,72722,36.3362,-94.4536,Arkansas,4.55,US gallon,#XUSE,948.303
388 Decatur,G87E10S,750 E Roller Ave,Decatur,72722,36.3362,-94.4536,Arkansas,22.324,US gallon,#XUSE,948.303
228 Brandon,G87E10S,704 Main St,Brandon,52210,42.3147,-92.0057,Iowa,23.227,US gallon,#XUSE,658.75
229 Independence,G87E10S,200 2Nd Ave Ne,Independence,50644,42.47,-91.893,Iowa,8.133,US gallon,#XUSE,671.169
24 Hazleton,HOT DOG FCS,200 Main St S,Hazleton,50641,42.6151,-91.906,Iowa,1,pack,#XUSE,688.173
24 Hazleton,G87E10S,200 Main St S,Hazleton,50641,42.6151,-91.906,Iowa,42.69,US gallon,#XUSE,688.173
385 Bentonville,MEDIUM FTN,1706 S Walton Blvd,Bentonville,72712,36.3531,-94.212,Arkansas,1,pack,#XUSE,950.133
385 Bentonville,G87E10S,1706 S Walton Blvd,Bentonville,72712,36.3531,-94.212,Arkansas,30.782,US gallon,#XUSE,950.133
240 Marathon,G87E10S,114 Agora St,Marathon,50565,42.8595,-94.9825,Iowa,5.431,US gallon,#XUSE,984.786
240 Marathon,No Lead Plus,114 Agora St,Marathon,50565,42.8595,-94.9825,Iowa,13.397,US gallon,#XUSE,984.786
435 Golden City,MEDIUM FTN,519 Main St,Golden City,64748,37.3929,-94.0928,Missouri,1,pack,#XUSE,861.091
435 Golden City,WILD TURKEY AM HNY 50ML,519 Main St,Golden City,64748,37.3929,-94.0928,Missouri,4,pack,#XUSE,861.091
435 Golden City,REESES 1.5OZ REG,519 Main St,Golden City,64748,37.3929,-94.0928,Missouri,4,pack,#XUSE,861.091
435 Golden City,G87E10S,519 Main St,Golden City,64748,37.3929,-94.0928,Missouri,23.548,US gallon,#XUSE,861.091
397 Pea Ridge,MEDIUM FTN,468 N Curtis Ave,Pea Ridge,72751,36.4456,-94.1154,Arkansas,1,pack,#XUSE,899.854
397 Pea Ridge,G87E10S,468 N Curtis Ave,Pea Ridge,72751,36.4456,-94.1154,Arkansas,49.725,US gallon,#XUSE,899.854
397 Pea Ridge,No Lead Plus,468 N Curtis Ave,Pea Ridge,72751,36.4456,-94.1154,Arkansas,19.932,US gallon,#XUSE,899.854
401 Rogers,MEDIUM FTN,401 N 8Th St,Rogers,72756,36.3364,-94.1246,Arkansas,2,pack,#XUSE,959.026
401 Rogers,HOT DOG FCS,401 N 8Th St,Rogers,72756,36.3364,-94.1246,Arkansas,2,pack,#XUSE,959.026
401 Rogers,No Lead Plus,401 N 8Th St,Rogers,72756,36.3364,-94.1246,Arkansas,4.88,US gallon,#XUSE,959.026
401 Rogers,G87E10S,401 N 8Th St,Rogers,72756,36.3364,-94.1246,Arkansas,8.337,US gallon,#XUSE,959.026
383 Rogers,SLC PZ PEPPRNI 13IN FCS,4600 W Walnut St,Rogers,72756,36.3337,-94.1811,Arkansas,2,pack,#XUSE,954.651
383 Rogers,G87E10S,4600 W Walnut St,Rogers,72756,36.3337,-94.1811,Arkansas,33.058,US gallon,#XUSE,954.651
254 Rembrandt,G87E10S,107 E Main St,Rembrandt,50576,42.8258,-95.1655,Iowa,18.875,US gallon,#XUSE,968.375
2731 Alta,SLC PZ PEPPRNI 13IN FCS,106 S Cherokee St,Alta,51002,42.6745,-95.3054,Iowa,2,pack,#XUSE,962.689
2731 Alta,G87E10S,106 S Cherokee St,Alta,51002,42.6745,-95.3054,Iowa,8.478,US gallon,#XUSE,962.689
2731 Alta,No Lead Plus,106 S Cherokee St,Alta,51002,42.6745,-95.3054,Iowa,14.693,US gallon,#XUSE,962.689
28 Sioux Rapids,FIREBALL WHSKY 50ML,114 Thomas St,Sioux Rapids,50585,42.8925,-95.1503,Iowa,3,pack,#XUSE,974.919
28 Sioux Rapids,G87E10S,114 Thomas St,Sioux Rapids,50585,42.8925,-95.1503,Iowa,24.471,US gallon,#XUSE,974.919
29 Washburn,SLC PZ PEPPRNI 13IN FCS,303 Main St,Washburn,65772,36.5885,-93.9646,Missouri,1,pack,#XUSE,864.262
29 Washburn,MEDIUM FTN,303 Main St,Washburn,65772,36.5885,-93.9646,Missouri,2,pack,#XUSE,864.262
29 Washburn,G87E10S,303 Main St,Washburn,65772,36.5885,-93.9646,Missouri,14.493,US gallon,#XUSE,864.262
370 Dunning,HOT DOG FCS,403 Jewett Ave,Dunning,68833,41.8281,-100.105,Nebraska,1,pack,#XUSE,1367.832
370 Dunning,G87E10S,403 Jewett Ave,Dunning,68833,41.8281,-100.105,Nebraska,8.392,US gallon,#XUSE,1367.832
370 Dunning,No Lead Plus,403 Jewett Ave,Dunning,68833,41.8281,-100.105,Nebraska,33.549,US gallon,#XUSE,1367.832
302 Parkersburg,No Lead Plus,602 Coates St,Parkersburg,50665,42.577,-92.7869,Iowa,6.653,US gallon,#XUSE,743.223
302 Parkersburg,G87E10S,602 Coates St,Parkersburg,50665,42.577,-92.7869,Iowa,46.091,US gallon,#XUSE,743.223
32 Shell Rock,G87E10S,203 S Walnut St,Shell Rock,50670,42.7116,-92.5839,Iowa,11.06,US gallon,#XUSE,735.705
362 Norfork,No Lead Plus,13862 Highway 5 S,Norfork,72658,36.2088,-92.2863,Arkansas,2.998,US gallon,#XUSE,863.757
362 Norfork,G87E10S,13862 Highway 5 S,Norfork,72658,36.2088,-92.2863,Arkansas,45.595,US gallon,#XUSE,863.757
369 Purdum,KOOLEE,84451 Purdum Ave,Purdum,69157,42.0644,-100.259,Nebraska,4,pack,#XUSE,1403.625
393 Henderson,G87E10S,13091 Highway 62 E,Henderson,72544,36.3832,-92.191,Arkansas,60.613,US gallon,#XUSE,849.387
386 Gravette,G87E10S,613 Main St Sw,Gravette,72736,36.4217,-94.4614,Arkansas,11.563,US gallon,#XUSE,938.029
442 Mindenmines,MEDIUM FTN,604 Main St,Mindenmines,64769,37.4744,-94.5887,Missouri,1,pack,#XUSE,929.374
447 Lamar,MEDIUM FTN,131 W 11Th St,Lamar,64759,37.4941,-94.2775,Missouri,1,pack,#XUSE,896.453
453 Butler,MEDIUM FTN,114 W Ohio St,Butler,64730,38.2588,-94.334,Missouri,2,pack,#XUSE,868.043
453 Butler,G87E10S,114 W Ohio St,Butler,64730,38.2588,-94.334,Missouri,20.27,US gallon,#XUSE,868.043
465 Sturgeon,MEDIUM FTN,111 N Wentz St,Sturgeon,65284,39.2347,-92.2822,Missouri,1,pack,#XUSE,616.281
465 Sturgeon,G87E10S,111 N Wentz St,Sturgeon,65284,39.2347,-92.2822,Missouri,46.547,US gallon,#XUSE,616.281
466 Centralia,WILD TURKEY AM HNY 50ML,104 W Sneed St,Centralia,65240,39.2103,-92.1384,Missouri,1,pack,#XUSE,602.934
466 Centralia,G87E10S,104 W Sneed St,Centralia,65240,39.2103,-92.1384,Missouri,0.91,US gallon,#XUSE,602.934
466 Centralia,KK AST FILL,104 W Sneed St,Centralia,65240,39.2103,-92.1384,Missouri,3,pack,#XUSE,602.934
471 Columbia,G87E10S,511 E Walnut St,Columbia,65201,38.9532,-92.3313,Missouri,20.647,US gallon,#XUSE,595.465
473 Hume,G87E10S,101 Main St,Hume,64752,38.091,-94.5834,Missouri,4.764,US gallon,#XUSE,905.568
476 Birmingham,No Lead Plus,9248 Parkway East,Birmingham,64427,40.1128,-94.8225,Missouri,29.543,US gallon,#XUSE,832.38
476 Birmingham,G87E10S,9248 Parkway East,Birmingham,64427,40.1128,-94.8225,Missouri,48.562,US gallon,#XUSE,832.38
480 Ionia,KOOLEE,206 N Main St,Ionia,65335,38.5027,-93.3235,Missouri,1,pack,#XUSE,729.24
487 Glenallen,MEDIUM FTN,1 Short St,Glenallen,63751,37.3172,-90.0274,Missouri,1,pack,#XUSE,595.637
487 Glenallen,G87E10S,1 Short St,Glenallen,63751,37.3172,-90.0274,Missouri,15.113,US gallon,#XUSE,595.637
487 Glenallen,No Lead Plus,1 Short St,Glenallen,63751,37.3172,-90.0274,Missouri,19.731,US gallon,#XUSE,595.637
4923 Commerce City,MEDIUM FTN,7351 Magnolia St,Commerce City,80022,39.8303,-104.911,Colorado,1,pack,#LAS2,1208.398
4923 Commerce City,No Lead Plus,7351 Magnolia St,Commerce City,80022,39.8303,-104.911,Colorado,24.763,US gallon,#LAS2,1208.398
493 Brewton,MEDIUM FTN,2041 Douglas Avenue,Brewton,64449,40.025,-94.9733,Missouri,1,pack,#XUSE,823.96
493 Brewton,G87E10S,2041 Douglas Avenue,Brewton,64449,40.025,-94.9733,Missouri,38.811,US gallon,#XUSE,823.96
494 Moulton,No Lead Plus,15445 Highway 24,Moulton,65280,39.2107,-91.7252,Missouri,19.863,US gallon,#XUSE,559.914
497 Patton,MEDIUM FTN,1000 State Route 51,Patton,63662,37.5003,-90.0134,Missouri,2,pack,#XUSE,563.075
497 Patton,KOOLEE,1000 State Route 51,Patton,63662,37.5003,-90.0134,Missouri,2,pack,#XUSE,563.075
497 Patton,G87E10S,1000 State Route 51,Patton,63662,37.5003,-90.0134,Missouri,43.731,US gallon,#XUSE,563.075
498 Calera,KOOLEE,5100 Hwy 31,Calera,64480,40.0616,-94.7649,Missouri,1,pack,#XUSE,831.359
498 Calera,HOT DOG FCS,5100 Hwy 31,Calera,64480,40.0616,-94.7649,Missouri,3,pack,#XUSE,831.359
498 Calera,MEDIUM FTN,5100 Hwy 31,Calera,64480,40.0616,-94.7649,Missouri,2,pack,#XUSE,831.359
498 Calera,G87E10S,5100 Hwy 31,Calera,64480,40.0616,-94.7649,Missouri,38.701,US gallon,#XUSE,831.359
50 Andalusia,G87E10S,540 West Bypass,Andalusia,50858,41.2039,-94.4171,Iowa,30.396,US gallon,#XUSE,850.294
51 Griswold,MEDIUM FTN,608 4Th St,Griswold,51535,41.2335,-95.1403,Iowa,2,pack,#XUSE,907.616
51 Griswold,G87E10S,608 4Th St,Griswold,51535,41.2335,-95.1403,Iowa,4.21,US gallon,#XUSE,907.616
51 Griswold,No Lead Plus,608 4Th St,Griswold,51535,41.2335,-95.1403,Iowa,18.65,US gallon,#XUSE,907.616
514 Athens,MEDIUM FTN,1011 US Hwy 72 East,Athens,50859,41.0232,-94.6098,Iowa,1,pack,#XUSE,884.719
514 Athens,HOT DOG FCS,1011 US Hwy 72 East,Athens,50859,41.0232,-94.6098,Iowa,1,pack,#XUSE,884.719
518 Massena,MEDIUM FTN,99 Main St,Massena,50853,41.2517,-94.7692,Iowa,2,pack,#XUSE,874.904
518 Massena,HOT DOG FCS,99 Main St,Massena,50853,41.2517,-94.7692,Iowa,1,pack,#XUSE,874.904
518 Massena,G87E10S,99 Main St,Massena,50853,41.2517,-94.7692,Iowa,49.712,US gallon,#XUSE,874.904
520 Atlantic,G87E10S,1630 E 7Th St,Atlantic,50022,41.4048,-94.9895,Iowa,10.798,US gallon,#XUSE,875.994
521 Attalla,G87E10S,973 Gilbert Ferry Road Se,Attalla,50841,40.9892,-94.7355,Iowa,17.095,US gallon,#XUSE,904.986
532 Wiota,MEDIUM FTN,405 Pioneer Ave,Wiota,50274,41.4039,-94.8908,Iowa,2,pack,#XUSE,867.182
532 Wiota,HOT DOG FCS,405 Pioneer Ave,Wiota,50274,41.4039,-94.8908,Iowa,1,pack,#XUSE,867.182
532 Wiota,G87E10S,405 Pioneer Ave,Wiota,50274,41.4039,-94.8908,Iowa,7.785,US gallon,#XUSE,867.182
535 Lowden,KOOLEE,308 Washington Ave,Lowden,52255,41.858,-90.9264,Iowa,1,pack,#XUSE,542.37
535 Lowden,HOT DOG FCS,308 Washington Ave,Lowden,52255,41.858,-90.9264,Iowa,2,pack,#XUSE,542.37
535 Lowden,G87E10S,308 Washington Ave,Lowden,52255,41.858,-90.9264,Iowa,25.323,US gallon,#XUSE,542.37
551 Ashland,G87E10S,131 E Broadway,Ashland,65010,38.7749,-92.2606,Missouri,27.528,US gallon,#XUSE,612.672
556 Saint Joseph,No Lead Plus,3906 Oakland Ave,Saint Joseph,64506,39.7825,-94.799,Missouri,5.265,US gallon,#XUSE,789.122
556 Saint Joseph,G87E10S,3906 Oakland Ave,Saint Joseph,64506,39.7825,-94.799,Missouri,9.013,US gallon,#XUSE,789.122
560 Columbia,G87E10S,3709 Sandman Ln,Columbia,65201,38.9096,-92.3341,Missouri,5.215,US gallon,#XUSE,598.766
561 Gardendale,SLC PZ PEPPRNI 13IN FCS,890 Odum Road,Gardendale,64421,39.8873,-94.8933,Missouri,1,pack,#XUSE,807.531
561 Gardendale,G87E10S,890 Odum Road,Gardendale,64421,39.8873,-94.8933,Missouri,29.929,US gallon,#XUSE,807.531
562 Columbia,MEDIUM FTN,101 S Providence Rd,Columbia,65203,38.9509,-92.3362,Missouri,1,pack,#XUSE,595.797
562 Columbia,HOT DOG FCS,101 S Providence Rd,Columbia,65203,38.9509,-92.3362,Missouri,2,pack,#XUSE,595.797
562 Columbia,KK AST FILL,101 S Providence Rd,Columbia,65203,38.9509,-92.3362,Missouri,3,pack,#XUSE,595.797
562 Columbia,FIREBALL WHSKY 50ML,101 S Providence Rd,Columbia,65203,38.9509,-92.3362,Missouri,10,pack,#XUSE,595.797
562 Columbia,G87E10S,101 S Providence Rd,Columbia,65203,38.9509,-92.3362,Missouri,21.846,US gallon,#XUSE,595.797
563 Jackson,KOOLEE,4206 N College Ave,Jackson,64491,40.4403,-95.3812,Missouri,2,pack,#XUSE,891.095
563 Jackson,G87E10S,4206 N College Ave,Jackson,64491,40.4403,-95.3812,Missouri,27.944,US gallon,#XUSE,891.095
563 Jackson,WILD TURKEY AM HNY 50ML,4206 N College Ave,Jackson,64491,40.4403,-95.3812,Missouri,6,pack,#XUSE,891.095
563 Jackson,No Lead Plus,4206 N College Ave,Jackson,64491,40.4403,-95.3812,Missouri,13.703,US gallon,#XUSE,891.095
567 Jacksonville,KK AST FILL,1625 Pelham South,Jacksonville,64482,40.4123,-95.5157,Missouri,1,pack,#XUSE,889.551
567 Jacksonville,HOT DOG FCS,1625 Pelham South,Jacksonville,64482,40.4123,-95.5157,Missouri,1,pack,#XUSE,889.551
567 Jacksonville,G87E10S,1625 Pelham South,Jacksonville,64482,40.4123,-95.5157,Missouri,25.581,US gallon,#XUSE,889.551
570 Hueytown,HOT DOG FCS,1007 Red Farmer Drive,Hueytown,52206,41.9966,-91.8623,Iowa,2,pack,#XUSE,623.153
570 Hueytown,G87E10S,1007 Red Farmer Drive,Hueytown,52206,41.9966,-91.8623,Iowa,54.971,US gallon,#XUSE,623.153
571 Leeds,G87E10S,8551 Whitfield Ave,Leeds,64446,40.3385,-95.393,Missouri,32.151,US gallon,#XUSE,878.352
578 Millbrook,HOT DOG FCS,145 Kelley Blvd,Millbrook,63352,39.2417,-91.6434,Missouri,2,pack,#XUSE,549.799
578 Millbrook,G87E10S,145 Kelley Blvd,Millbrook,63352,39.2417,-91.6434,Missouri,13.241,US gallon,#XUSE,549.799
578 Millbrook,No Lead Plus,145 Kelley Blvd,Millbrook,63352,39.2417,-91.6434,Missouri,11.743,US gallon,#XUSE,549.799
615 Stickney,MEDIUM FTN,309 Main St,Stickney,57375,43.5894,-98.4377,South Dakota,3,pack,#XUSE,1333.601
615 Stickney,HOT DOG FCS,309 Main St,Stickney,57375,43.5894,-98.4377,South Dakota,1,pack,#XUSE,1333.601
615 Stickney,G87E10S,309 Main St,Stickney,57375,43.5894,-98.4377,South Dakota,58.695,US gallon,#XUSE,1333.601
631 Hitchcock,HOT DOG FCS,386 Clarke St,Hitchcock,57348,44.6302,-98.4081,South Dakota,1,pack,#XUSE,1373.199
635 Wessington,KOOLEE,170 Wessington St S,Wessington,57381,44.4532,-98.6973,South Dakota,2,pack,#XUSE,1362.296
635 Wessington,G87E10S,170 Wessington St S,Wessington,57381,44.4532,-98.6973,South Dakota,21.47,US gallon,#XUSE,1362.296
650 Thornton,SLC PZ PEPPRNI 13IN FCS,8804 Washington St,Thornton,80229,39.8564,-104.978,Colorado,2,pack,#LAS2,1204.394
650 Thornton,No Lead Plus,8804 Washington St,Thornton,80229,39.8564,-104.978,Colorado,15.395,US gallon,#LAS2,1204.394
670 Alamosa,MEDIUM FTN,505 3Rd St,Alamosa,81101,37.4708,-105.865,Colorado,1,pack,#LAS2,1100.44
670 Alamosa,HOT DOG FCS,505 3Rd St,Alamosa,81101,37.4708,-105.865,Colorado,3,pack,#LAS2,1100.44
685 Centennial,KOOLEE,7255 S Havana St Ste 140,Centennial,80112,39.5848,-104.868,Colorado,1,pack,#LAS2,1214.104
685 Centennial,SLC PZ PEPPRNI 13IN FCS,7255 S Havana St Ste 140,Centennial,80112,39.5848,-104.868,Colorado,1,pack,#LAS2,1214.104
700 Montgomery,G87E10S,6495 Atlanta Hwy,Montgomery,65264,39.0994,-91.6456,Missouri,42.695,US gallon,#XUSE,565.705
76 Mason City,G87E10S,2400 4Th St Sw,Mason City,50401,43.1495,-93.2356,Iowa,20,US gallon,#XUSE,831.826
834 Burlington,G87E10S,513 Main St,Burlington,73722,36.9003,-98.4228,Oklahoma,4.512,US gallon,#XUSE,1294.662
838 Oxford,G87E10S,92 Plaza Lane,Oxford,74965,35.9938,-94.5681,Oklahoma,12.727,US gallon,#XUSE,1001.922
846 Ozark,MEDIUM FTN,1537 Hwy 231 South,Ozark,74931,35.681,-94.7605,Oklahoma,7,pack,#XUSE,1062.848
846 Ozark,SLC PZ PEPPRNI 13IN FCS,1537 Hwy 231 South,Ozark,74931,35.681,-94.7605,Oklahoma,1,pack,#XUSE,1062.848
846 Ozark,G87E10S,1537 Hwy 231 South,Ozark,74931,35.681,-94.7605,Oklahoma,29.068,US gallon,#XUSE,1062.848
846 Ozark,No Lead Plus,1537 Hwy 231 South,Ozark,74931,35.681,-94.7605,Oklahoma,9.264,US gallon,#XUSE,1062.848
858 Watonga,MEDIUM FTN,121 N Noble Ave,Watonga,73772,35.8453,-98.4133,Oklahoma,1,pack,#XUSE,1305.311
860 Cherokee,No Lead Plus,1780 S Grand Ave,Cherokee,73728,36.7396,-98.3596,Oklahoma,9.729,US gallon,#XUSE,1320.752
860 Cherokee,G87E10S,1780 S Grand Ave,Cherokee,73728,36.7396,-98.3596,Oklahoma,20.265,US gallon,#XUSE,1320.752
863 Atoka,SLC PZ PEPPRNI 13IN FCS,409 E Court St,Atoka,74525,34.3854,-96.124,Oklahoma,2,pack,#XUSE,1218.087
863 Atoka,G87E10S,409 E Court St,Atoka,74525,34.3854,-96.124,Oklahoma,9.986,US gallon,#XUSE,1218.087
863 Atoka,No Lead Plus,409 E Court St,Atoka,74525,34.3854,-96.124,Oklahoma,11.841,US gallon,#XUSE,1218.087
865 Lane,No Lead Plus,11820 E Highway 3,Lane,74555,34.298,-95.9867,Oklahoma,5.653,US gallon,#XUSE,1234.321
867 Caney,KOOLEE,200 W Main St,Caney,74533,34.2321,-96.2133,Oklahoma,1,pack,#XUSE,1237.741
867 Caney,G87E10S,200 W Main St,Caney,74533,34.2321,-96.2133,Oklahoma,80.254,US gallon,#XUSE,1237.741
873 Turpin,KOOLEE,419 S Main St,Turpin,73950,36.8634,-100.878,Oklahoma,1,pack,#LAS2,1539.964
873 Turpin,KOOLEE,419 S Main St,Turpin,73950,36.8634,-100.878,Oklahoma,1,pack,#XUSE,1489.937
876 Bokchito,MEDIUM FTN,118 W Main St,Bokchito,74726,34.0169,-96.1456,Oklahoma,1,pack,#XUSE,1371.519
876 Bokchito,G87E10S,118 W Main St,Bokchito,74726,34.0169,-96.1456,Oklahoma,20.738,US gallon,#XUSE,1371.519
877 Kenefic,MEDIUM FTN,117 Mary St,Kenefic,74748,34.1441,-96.3633,Oklahoma,2,pack,#XUSE,1257.912
877 Kenefic,G87E10S,117 Mary St,Kenefic,74748,34.1441,-96.3633,Oklahoma,19.152,US gallon,#XUSE,1257.912
878 Forgan,SLC PZ PEPPRNI 13IN FCS,115 S Broadway St,Forgan,73938,36.9063,-100.535,Oklahoma,1,pack,#LAS2,1589.061
878 Forgan,SLC PZ PEPPRNI 13IN FCS,115 S Broadway St,Forgan,73938,36.9063,-100.535,Oklahoma,1,pack,#XUSE,1464.906
878 Forgan,No Lead Plus,115 S Broadway St,Forgan,73938,36.9063,-100.535,Oklahoma,12.158,US gallon,#LAS2,1589.061
878 Forgan,No Lead Plus,115 S Broadway St,Forgan,73938,36.9063,-100.535,Oklahoma,12.158,US gallon,#XUSE,1464.906
881 Erick,KOOLEE,119 W 3Rd St,Erick,73645,35.2141,-99.8677,Oklahoma,1,pack,#LAS2,1575.962
881 Erick,KOOLEE,119 W 3Rd St,Erick,73645,35.2141,-99.8677,Oklahoma,1,pack,#XUSE,1437.952
881 Erick,G87E10S,119 W 3Rd St,Erick,73645,35.2141,-99.8677,Oklahoma,45.345,US gallon,#LAS2,1575.962
881 Erick,G87E10S,119 W 3Rd St,Erick,73645,35.2141,-99.8677,Oklahoma,45.345,US gallon,#XUSE,1437.952
886 Geary,KOOLEE,120 Nw 1St St,Geary,73040,35.6319,-98.3186,Oklahoma,1,pack,#XUSE,1287.918
886 Geary,G87E10S,120 Nw 1St St,Geary,73040,35.6319,-98.3186,Oklahoma,19.826,US gallon,#XUSE,1287.918
887 Greenfield,MEDIUM FTN,100 Madison St,Greenfield,73043,35.7276,-98.3789,Oklahoma,4,pack,#XUSE,1300.075
887 Greenfield,HOT DOG FCS,100 Madison St,Greenfield,73043,35.7276,-98.3789,Oklahoma,2,pack,#XUSE,1300.075
887 Greenfield,KOOLEE,100 Madison St,Greenfield,73043,35.7276,-98.3789,Oklahoma,2,pack,#XUSE,1300.075
887 Greenfield,G87E10S,100 Madison St,Greenfield,73043,35.7276,-98.3789,Oklahoma,39.969,US gallon,#XUSE,1300.075
890 Hitchcock,HOT DOG FCS,107 W Main St,Hitchcock,73744,35.9682,-98.3491,Oklahoma,4,pack,#XUSE,1324.545
891 Canton,MEDIUM FTN,202 W Main St,Canton,73724,36.0537,-98.5899,Oklahoma,2,pack,#XUSE,1320.362
891 Canton,No Lead Plus,202 W Main St,Canton,73724,36.0537,-98.5899,Oklahoma,9.073,US gallon,#XUSE,1320.362
905 Mobile,MEDIUM FTN,685 Schillinger Rd,Mobile,80221,39.8319,-105.004,Colorado,1,pack,#LAS2,1201.173
905 Mobile,No Lead Plus,685 Schillinger Rd,Mobile,80221,39.8319,-105.004,Colorado,13.02,US gallon,#LAS2,1201.173
906 Aurora,MEDIUM FTN,18555 E Smoky Hill Rd,Aurora,80015,39.6192,-104.771,Colorado,1,pack,#LAS2,1223.582
906 Aurora,KOOLEE,18555 E Smoky Hill Rd,Aurora,80015,39.6192,-104.771,Colorado,3,pack,#LAS2,1223.582
914 Centennial,SLC PZ PEPPRNI 13IN FCS,2221 E Arapahoe Rd,Centennial,80122,39.5957,-104.963,Colorado,3,pack,#LAS2,1213.279
921 Greenwood Vlg,No Lead Plus,8525 E Arapahoe Rd,Greenwood Vlg,80112,39.5964,-104.891,Colorado,4.415,US gallon,#LAS2,1211.606
927 Littleton,KOOLEE,1500 W Littleton Blvd Ste 110-E,Littleton,80120,39.6124,-105.006,Colorado,1,pack,#LAS2,1205.723
933 Las Animas,MEDIUM FTN,513 6Th St,Las Animas,81054,38.0661,-103.223,Colorado,1,pack,#LAS2,1365.555
933 Las Animas,No Lead Plus,513 6Th St,Las Animas,81054,38.0661,-103.223,Colorado,20.332,US gallon,#LAS2,1365.555
95 Spencer,SLC PZ PEPPRNI 13IN FCS,11 E 18Th St,Spencer,51301,43.1564,-95.1451,Iowa,1,pack,#XUSE,1006.094
95 Spencer,No Lead Plus,11 E 18Th St,Spencer,51301,43.1564,-95.1451,Iowa,4.24,US gallon,#XUSE,1006.094
953 Laramie,MEDIUM FTN,152 N 5Th St,Laramie,82072,41.3132,-105.591,Wyoming,1,pack,#LAS2,1252.382
953 Laramie,No Lead Plus,152 N 5Th St,Laramie,82072,41.3132,-105.591,Wyoming,17.811,US gallon,#LAS2,1252.382
981 Fort Cobb,G87E10S,408 N Hazlett St,Fort Cobb,73038,35.099,-98.4358,Oklahoma,18.702,US gallon,#XUSE,1334.603
986 Apache,G87E10S,302 E Evans Ave,Apache,73006,34.8936,-98.363,Oklahoma,21.857,US gallon,#XUSE,1330.713
187 Tallassee,No Lead Plus,1300 Gilmer Ave,Tallassee,55787,46.6472,-93.1276,Minnesota,8.011,US gallon,#XUSE,1096.744
187 Tallassee,G87E10S,1300 Gilmer Ave,Tallassee,55787,46.6472,-93.1276,Minnesota,10.699,US gallon,#XUSE,1096.744
26 Aitkin,No Lead Plus,15 Minnesota Ave N,Aitkin,56431,46.5321,-93.707,Minnesota,24.465,US gallon,#XUSE,1114.952
26 Aitkin,G87E10S,15 Minnesota Ave N,Aitkin,56431,46.5321,-93.707,Minnesota,15.171,US gallon,#XUSE,1114.952
